operation,method,batch,dim,points,queries,samples,channels,status,error,latency_ms,max_distance_error,neighbor_match_fraction,seed_included_fraction,coverage_radius,mean_coverage_distance,rmse,max_abs_error
knn,torchbvh,1,2,10000,10000,,,ok,,0.6789998151361942,1.301192834035625e-09,1.0,,,,,
knn,scipy_cKDTree,1,2,10000,10000,,,ok,,8.394200121983886,0.0,1.0,,,,,
knn,torch_cluster,1,2,10000,10000,,,ok,,5.221799947321415,1.301192834035625e-09,1.0,,,,,
knn,cupy_KDTree,1,2,10000,10000,,,ok,,7.19640008173883,3.469446951953614e-18,1.0,,,,,
fps,torchbvh_exact,1,2,10000,10000,2500.0,,ok,,15.091300010681152,,,1.0,0.01346549623894566,0.00597069211551203,,
fps,torchbvh_approx,1,2,10000,10000,2500.0,,ok,,8.791300002485514,,,1.0,0.013458516437294003,0.005912570416064918,,
fps,fpsample_h7,1,2,10000,10000,2500.0,,ok,,11.433100095018744,,,1.0,0.013468027115000059,0.005934690369149764,,
fps,torch_fpsample_h7,1,2,10000,10000,2500.0,,ok,,8.075000019744039,,,1.0,0.01346549623894566,0.00597069211551203,,
interpolation,torchbvh_mls,1,2,10000,10000,,64,ok,,0.661100260913372,,,,,,4.452014036360197e-05,0.0002314448356628418
interpolation,grid_sample,1,2,10000,10000,,64.0,ok,,0.376999843865633,,,,,,3.3656018786132336e-05,0.00015676021575927734
knn,torchbvh,1,2,20000,20000,,,ok,,0.8586999028921127,8.386142977961919e-10,1.0,,,,,
knn,scipy_cKDTree,1,2,20000,20000,,,ok,,19.793299958109856,0.0,1.0,,,,,
knn,torch_cluster,1,2,20000,20000,,,ok,,8.518100017681718,8.33787927589924e-10,1.0,,,,,
knn,cupy_KDTree,1,2,20000,20000,,,ok,,8.502200013026595,1.734723475976807e-18,1.0,,,,,
fps,torchbvh_exact,1,2,20000,20000,5000.0,,ok,,22.245400119572878,,,1.0,0.009529768282833103,0.004169551276260117,,
fps,torchbvh_approx,1,2,20000,20000,5000.0,,ok,,12.322800001129508,,,1.0,0.009542170159503875,0.004191459537455143,,
fps,fpsample_h7,1,2,20000,20000,5000.0,,ok,,24.491399992257357,,,1.0,0.009518021679989828,0.004198231586498786,,
fps,torch_fpsample_h7,1,2,20000,20000,5000.0,,ok,,18.264200072735548,,,1.0,0.009529768282833103,0.004169551276260117,,
interpolation,torchbvh_mls,1,2,20000,20000,,64,ok,,0.9066998027265072,,,,,,2.3439828510163352e-05,0.00010395050048828125
interpolation,grid_sample,1,2,20000,20000,,64.0,ok,,0.14999997802078724,,,,,,2.027724258368835e-05,8.684396743774414e-05
knn,torchbvh,1,2,30000,30000,,,ok,,1.2087998911738396,6.829045454126437e-10,1.0,,,,,
knn,scipy_cKDTree,1,2,30000,30000,,,ok,,31.62200003862381,0.0,1.0,,,,,
knn,torch_cluster,1,2,30000,30000,,,ok,,17.11870008148253,7.256095793661821e-10,1.0,,,,,
knn,cupy_KDTree,1,2,30000,30000,,,ok,,9.24639985896647,1.734723475976807e-18,1.0,,,,,
fps,torchbvh_exact,1,2,30000,30000,7500.0,,ok,,34.03529990464449,,,1.0,0.007768172828798737,0.0034239699740072826,,
fps,torchbvh_approx,1,2,30000,30000,7500.0,,ok,,18.838000018149614,,,1.0,0.007820230257024236,0.003416283185560472,,
fps,fpsample_h7,1,2,30000,30000,7500.0,,ok,,42.960100108757615,,,1.0,0.0077484816094536045,0.0034078738457787292,,
fps,torch_fpsample_h7,1,2,30000,30000,7500.0,,ok,,35.30959994532168,,,1.0,0.007768172828798737,0.0034239699740072826,,
interpolation,torchbvh_mls,1,2,30000,30000,,64,ok,,1.24739995226264,,,,,,1.789310590538662e-05,9.971857070922852e-05
interpolation,grid_sample,1,2,30000,30000,,64.0,ok,,0.1921001821756363,,,,,,1.3940890312369447e-05,5.84721565246582e-05
knn,torchbvh,1,2,40000,40000,,,ok,,1.416100189089775,6.841587366079871e-10,1.0,,,,,
knn,scipy_cKDTree,1,2,40000,40000,,,ok,,43.49850001744926,0.0,1.0,,,,,
knn,torch_cluster,1,2,40000,40000,,,ok,,25.755299953743815,5.5964731633662e-10,1.0,,,,,
knn,cupy_KDTree,1,2,40000,40000,,,ok,,14.106800081208348,1.734723475976807e-18,1.0,,,,,
fps,torchbvh_exact,1,2,40000,40000,10000.0,,ok,,45.80829991027713,,,1.0,0.006703886708098176,0.0029468673382034567,,
fps,torchbvh_approx,1,2,40000,40000,10000.0,,ok,,25.90170013718307,,,1.0,0.006721676107388262,0.002956058093576842,,
fps,fpsample_h7,1,2,40000,40000,10000.0,,ok,,62.52430006861687,,,0.0,0.00669729897305424,0.0029491471619501343,,
fps,torch_fpsample_h7,1,2,40000,40000,10000.0,,ok,,49.037500051781535,,,1.0,0.006703886708098176,0.0029468673382034567,,
interpolation,torchbvh_mls,1,2,40000,40000,,64,ok,,1.5870998613536358,,,,,,1.662440990912728e-05,8.639693260192871e-05
interpolation,grid_sample,1,2,40000,40000,,64.0,ok,,0.2508999314159155,,,,,,8.437077667622361e-06,3.898143768310547e-05
knn,torchbvh,1,2,50000,50000,,,ok,,1.8288996070623398,4.2158322145768867e-10,1.0,,,,,
knn,scipy_cKDTree,1,2,50000,50000,,,ok,,49.28500019013882,0.0,1.0,,,,,
knn,torch_cluster,1,2,50000,50000,,,ok,,41.01950000040233,4.2841058998932535e-10,1.0,,,,,
knn,cupy_KDTree,1,2,50000,50000,,,ok,,15.619999961927533,1.734723475976807e-18,1.0,,,,,
fps,torchbvh_exact,1,2,50000,50000,12500.0,,ok,,58.57220012694597,,,1.0,0.006005139220076663,0.002637373572416277,,
fps,torchbvh_approx,1,2,50000,50000,12500.0,,ok,,33.166399924084544,,,1.0,0.006009896183818541,0.0026351184198434375,,
fps,fpsample_h7,1,2,50000,50000,12500.0,,ok,,129.91490005515516,,,1.0,0.005986061638139799,0.002625948596864612,,
fps,torch_fpsample_h7,1,2,50000,50000,12500.0,,ok,,66.23520003631711,,,1.0,0.006005139220076663,0.002637373572416277,,
interpolation,torchbvh_mls,1,2,50000,50000,,64,ok,,1.929599791765213,,,,,,1.5384362995973788e-05,9.000301361083984e-05
interpolation,grid_sample,1,2,50000,50000,,64.0,ok,,0.2912001218646765,,,,,,7.915922651591245e-06,3.409385681152344e-05
knn,torchbvh,1,3,10000,10000,,,ok,,0.8522998541593552,3.5875732107282232e-09,1.0,,,,,
knn,scipy_cKDTree,1,3,10000,10000,,,ok,,12.301800074055791,0.0,1.0,,,,,
knn,torch_cluster,1,3,10000,10000,,,ok,,4.291400080546737,5.244906550738726e-09,1.0,,,,,
knn,cupy_KDTree,1,3,10000,10000,,,ok,,8.850399870425463,1.3877787807814457e-17,1.0,,,,,
fps,torchbvh_exact,1,3,10000,10000,2500.0,,ok,,11.646200204268098,,,1.0,0.05466946065302977,0.027077087006348814,,
fps,torchbvh_approx,1,3,10000,10000,2500.0,,ok,,6.586199859157205,,,1.0,0.05483050306162283,0.027136271512529016,,
fps,fpsample_h7,1,3,10000,10000,2500.0,,ok,,24.61540000513196,,,0.0,0.0542392657180421,0.026907960284806704,,
fps,torch_fpsample_h7,1,3,10000,10000,2500.0,,ok,,17.214199993759394,,,1.0,0.05466946065302977,0.027077087006348814,,
interpolation,torchbvh_mls,1,3,10000,10000,,64,ok,,0.8355998434126377,,,,,,0.004547446500509977,0.040392085909843445
interpolation,grid_sample,1,3,10000,10000,,64.0,ok,,0.19420008175075054,,,,,,0.001075581181794405,0.005261480808258057
knn,torchbvh,1,3,20000,20000,,,ok,,1.2848000042140484,3.4500224344036212e-09,1.0,,,,,
knn,scipy_cKDTree,1,3,20000,20000,,,ok,,25.998800061643124,0.0,1.0,,,,,
knn,torch_cluster,1,3,20000,20000,,,ok,,8.930699899792671,3.730157155379388e-09,1.0,,,,,
knn,cupy_KDTree,1,3,20000,20000,,,ok,,16.16099989041686,6.938893903907228e-18,1.0,,,,,
fps,torchbvh_exact,1,3,20000,20000,5000.0,,ok,,23.43859989196062,,,1.0,0.04310978186476885,0.021480413802139154,,
fps,torchbvh_approx,1,3,20000,20000,5000.0,,ok,,13.123999815434217,,,1.0,0.04305444017212247,0.0214925238225682,,
fps,fpsample_h7,1,3,20000,20000,5000.0,,ok,,66.83490006253123,,,1.0,0.04298645096498351,0.02140399084249877,,
fps,torch_fpsample_h7,1,3,20000,20000,5000.0,,ok,,47.45150008238852,,,1.0,0.04310978186476885,0.021480413802139154,,
interpolation,torchbvh_mls,1,3,20000,20000,,64,ok,,1.2417999096214771,,,,,,0.006841342430561781,0.04215236008167267
interpolation,grid_sample,1,3,20000,20000,,64.0,ok,,0.17370004206895828,,,,,,0.0009727879078127444,0.004095315933227539
knn,torchbvh,1,3,30000,30000,,,ok,,1.5787999145686626,2.9793107980680134e-09,1.0,,,,,
knn,scipy_cKDTree,1,3,30000,30000,,,ok,,39.184699999168515,0.0,1.0,,,,,
knn,torch_cluster,1,3,30000,30000,,,ok,,16.574700130149722,3.060937642240802e-09,1.0,,,,,
knn,cupy_KDTree,1,3,30000,30000,,,ok,,22.466900059953332,6.938893903907228e-18,1.0,,,,,
fps,torchbvh_exact,1,3,30000,30000,7500.0,,ok,,35.91430000960827,,,1.0,0.037398531485145034,0.018658929198709394,,
fps,torchbvh_approx,1,3,30000,30000,7500.0,,ok,,19.57800006493926,,,1.0,0.037367059188164235,0.018631044623516974,,
fps,fpsample_h7,1,3,30000,30000,7500.0,,ok,,120.00430002808571,,,1.0,0.03747747239850828,0.01863402685320956,,
fps,torch_fpsample_h7,1,3,30000,30000,7500.0,,ok,,69.25679999403656,,,1.0,0.037398531485145034,0.018658929198709394,,
interpolation,torchbvh_mls,1,3,30000,30000,,64,ok,,1.6791000962257385,,,,,,0.004534181673079729,0.03282696008682251
interpolation,grid_sample,1,3,30000,30000,,64.0,ok,,0.2682998310774565,,,,,,0.0006178456824272871,0.0027967095375061035
knn,torchbvh,1,3,40000,40000,,,ok,,2.4977000430226326,2.6425857752032655e-09,1.0,,,,,
knn,scipy_cKDTree,1,3,40000,40000,,,ok,,59.169699903577566,0.0,1.0,,,,,
knn,torch_cluster,1,3,40000,40000,,,ok,,27.069599833339453,2.7246853454010456e-09,1.0,,,,,
knn,cupy_KDTree,1,3,40000,40000,,,ok,,33.274499932304025,6.938893903907228e-18,1.0,,,,,
fps,torchbvh_exact,1,3,40000,40000,10000.0,,ok,,48.505600076168776,,,1.0,0.033943130749932396,0.01691412556723121,,
fps,torchbvh_approx,1,3,40000,40000,10000.0,,ok,,26.457100175321102,,,1.0,0.033956639035809255,0.016945252103772037,,
fps,fpsample_h7,1,3,40000,40000,10000.0,,ok,,184.1670002322644,,,0.0,0.0339828329894965,0.01697166711588071,,
fps,torch_fpsample_h7,1,3,40000,40000,10000.0,,ok,,170.1918998733163,,,1.0,0.033943130749932396,0.01691412556723121,,
interpolation,torchbvh_mls,1,3,40000,40000,,64,ok,,2.194299828261137,,,,,,0.005239473655819893,0.032541513442993164
interpolation,grid_sample,1,3,40000,40000,,64.0,ok,,0.36479998379945755,,,,,,0.0005824010586366057,0.00246506929397583
knn,torchbvh,1,3,50000,50000,,,ok,,2.9668002389371395,2.3627483233812363e-09,1.0,,,,,
knn,scipy_cKDTree,1,3,50000,50000,,,ok,,97.03109995462,0.0,1.0,,,,,
knn,torch_cluster,1,3,50000,50000,,,ok,,79.35120002366602,2.3627483233812363e-09,1.0,,,,,
knn,cupy_KDTree,1,3,50000,50000,,,ok,,37.22689999267459,6.938893903907228e-18,1.0,,,,,
fps,torchbvh_exact,1,3,50000,50000,12500.0,,ok,,61.814399901777506,,,1.0,0.031394448086265785,0.015706868299090092,,
fps,torchbvh_approx,1,3,50000,50000,12500.0,,ok,,33.933999948203564,,,1.0,0.03145364278547098,0.015702058321768596,,
fps,fpsample_h7,1,3,50000,50000,12500.0,,ok,,264.7452999372035,,,0.0,0.03144172893582466,0.015715156861255363,,
fps,torch_fpsample_h7,1,3,50000,50000,12500.0,,ok,,229.9417001195252,,,1.0,0.031394448086265785,0.015706868299090092,,
interpolation,torchbvh_mls,1,3,50000,50000,,64,ok,,2.984900027513504,,,,,,0.005110135301947594,0.028497159481048584
interpolation,grid_sample,1,3,50000,50000,,64.0,ok,,1.560100121423602,,,,,,0.00040679273661226034,0.0019738078117370605
knn,torchbvh,16,2,10000,10000,,,ok,,1.4539002440869808,1.4012880612812584e-09,1.0,,,,,
knn,scipy_cKDTree,16,2,10000,10000,,,ok,,129.028300056234,0.0,1.0,,,,,
knn,torch_cluster,16,2,10000,10000,,,ok,,54.76159998215735,1.4663166340855849e-09,1.0,,,,,
knn,cupy_KDTree,16,2,10000,10000,,,ok,,89.12690007127821,3.469446951953614e-18,1.0,,,,,
fps,torchbvh_exact,16,2,10000,10000,2500.0,,ok,,16.16730005480349,,,1.0,0.013652707424656529,0.0059100956634973705,,
fps,torchbvh_approx,16,2,10000,10000,2500.0,,ok,,9.489000076428056,,,1.0,0.013685008486756058,0.005920617360433665,,
fps,fpsample_h7,16,2,10000,10000,2500.0,,ok,,178.11269988305867,,,0.1875,0.01361929156828702,0.005917173792007027,,
fps,torch_fpsample_h7,16,2,10000,10000,2500.0,,ok,,90.5258001293987,,,1.0,0.013652707424656529,0.0059100956634973705,,
interpolation,torchbvh_mls,16,2,10000,10000,,64,ok,,1.9449996761977673,,,,,,4.4431453716242686e-05,0.00023621320724487305
interpolation,grid_sample,16,2,10000,10000,,64.0,ok,,0.8764998055994511,,,,,,3.388106051716022e-05,0.0001583099365234375
knn,torchbvh,16,2,20000,20000,,,ok,,2.8826002962887287,1.2454657270788427e-09,1.0,,,,,
knn,scipy_cKDTree,16,2,20000,20000,,,ok,,270.41859994642437,0.0,1.0,,,,,
knn,torch_cluster,16,2,20000,20000,,,ok,,232.2466999758035,1.2454657270788427e-09,1.0,,,,,
knn,cupy_KDTree,16,2,20000,20000,,,ok,,132.1583001408726,1.734723475976807e-18,1.0,,,,,
fps,torchbvh_exact,16,2,20000,20000,5000.0,,ok,,40.10250000283122,,,1.0,0.009571984644010776,0.00417820602110835,,
fps,torchbvh_approx,16,2,20000,20000,5000.0,,ok,,26.506399968639016,,,1.0,0.009569776000349917,0.00418416255935267,,
fps,fpsample_h7,16,2,20000,20000,5000.0,,ok,,557.5774998869747,,,0.3125,0.00957607972351798,0.0041748579139905834,,
fps,torch_fpsample_h7,16,2,20000,20000,5000.0,,ok,,66.28269981592894,,,1.0,0.009571984644010776,0.00417820602110835,,
interpolation,torchbvh_mls,16,2,20000,20000,,64,ok,,3.4108003601431847,,,,,,2.3384018277283758e-05,0.00011149048805236816
interpolation,grid_sample,16,2,20000,20000,,64.0,ok,,12.917099986225367,,,,,,2.0321589545346797e-05,8.64863395690918e-05
knn,torchbvh,16,2,30000,30000,,,ok,,4.454100038856268,8.233791148892777e-10,1.0,,,,,
knn,scipy_cKDTree,16,2,30000,30000,,,ok,,464.70939996652305,0.0,1.0,,,,,
knn,torch_cluster,16,2,30000,30000,,,ok,,175.20800000056624,8.272237547735095e-10,1.0,,,,,
knn,cupy_KDTree,16,2,30000,30000,,,ok,,154.95079988613725,1.734723475976807e-18,1.0,,,,,
fps,torchbvh_exact,16,2,30000,30000,7500.0,,ok,,70.5944998189807,,,1.0,0.007810031030472117,0.003403987549424224,,
fps,torchbvh_approx,16,2,30000,30000,7500.0,,ok,,51.44000006839633,,,1.0,0.007810638752267152,0.0034093452943548064,,
fps,fpsample_h7,16,2,30000,30000,7500.0,,ok,,675.6905000656843,,,0.1875,0.007804597027854056,0.0034103674285225123,,
fps,torch_fpsample_h7,16,2,30000,30000,7500.0,,ok,,96.1665001232177,,,1.0,0.007810031030472117,0.003403987549424224,,
interpolation,torchbvh_mls,16,2,30000,30000,,64,ok,,8.492900058627129,,,,,,1.7842943634605035e-05,0.00010341405868530273
interpolation,grid_sample,16,2,30000,30000,,64.0,ok,,3.3625001087784767,,,,,,1.3932390174886677e-05,5.900859832763672e-05
knn,torchbvh,16,2,40000,40000,,,ok,,5.961799994111061,7.464709336768571e-10,1.0,,,,,
knn,scipy_cKDTree,16,2,40000,40000,,,ok,,572.6634000893682,0.0,1.0,,,,,
knn,torch_cluster,16,2,40000,40000,,,ok,,328.9143000729382,7.258653660774383e-10,1.0,,,,,
knn,cupy_KDTree,16,2,40000,40000,,,ok,,244.7351000737399,1.734723475976807e-18,1.0,,,,,
fps,torchbvh_exact,16,2,40000,40000,10000.0,,ok,,107.40999993868172,,,1.0,0.006728548832225558,0.0029453601185756816,,
fps,torchbvh_approx,16,2,40000,40000,10000.0,,ok,,78.8559999782592,,,1.0,0.006749810377854818,0.0029470628584437287,,
fps,fpsample_h7,16,2,40000,40000,10000.0,,ok,,998.8217998761684,,,0.3125,0.006737263068318418,0.002947086201672915,,
fps,torch_fpsample_h7,16,2,40000,40000,10000.0,,ok,,181.63599981926382,,,1.0,0.006728548832225558,0.0029453601185756816,,
interpolation,torchbvh_mls,16,2,40000,40000,,64,ok,,7.491700351238251,,,,,,1.658765359024983e-05,8.83340835571289e-05
interpolation,grid_sample,16,2,40000,40000,,64.0,ok,,4.553999984636903,,,,,,8.395187251153402e-06,3.921985626220703e-05
knn,torchbvh,16,2,50000,50000,,,ok,,7.814400363713503,6.338423935020598e-10,1.0,,,,,
knn,scipy_cKDTree,16,2,50000,50000,,,ok,,720.92209989205,0.0,1.0,,,,,
knn,torch_cluster,16,2,50000,50000,,,ok,,501.169600058347,6.58216337337536e-10,1.0,,,,,
knn,cupy_KDTree,16,2,50000,50000,,,ok,,240.5775000806898,1.734723475976807e-18,1.0,,,,,
fps,torchbvh_exact,16,2,50000,50000,12500.0,,ok,,156.72180010005832,,,1.0,0.0060126098144685355,0.0026351289914451803,,
fps,torchbvh_approx,16,2,50000,50000,12500.0,,ok,,121.33660004474223,,,1.0,0.006028459701399429,0.0026378139792261656,,
fps,fpsample_h7,16,2,50000,50000,12500.0,,ok,,1578.8088999688625,,,0.25,0.006034138285718524,0.0026361688247201628,,
fps,torch_fpsample_h7,16,2,50000,50000,12500.0,,ok,,234.2485999688506,,,1.0,0.0060126098144685355,0.0026351289914451803,,
interpolation,torchbvh_mls,16,2,50000,50000,,64,ok,,10.421200189739466,,,,,,1.5504159819101915e-05,9.617209434509277e-05
interpolation,grid_sample,16,2,50000,50000,,64.0,ok,,5.743599962443113,,,,,,7.907385224825703e-06,3.421306610107422e-05
knn,torchbvh,16,3,10000,10000,,,ok,,2.978099975734949,6.385570988642897e-09,1.0,,,,,
knn,scipy_cKDTree,16,3,10000,10000,,,ok,,278.3124998677522,0.0,1.0,,,,,
knn,torch_cluster,16,3,10000,10000,,,ok,,22.951799910515547,6.8057720015168854e-09,1.0,,,,,
knn,cupy_KDTree,16,3,10000,10000,,,ok,,150.2326000481844,1.3877787807814457e-17,1.0,,,,,
fps,torchbvh_exact,16,3,10000,10000,2500.0,,ok,,18.982200184836984,,,1.0,0.054713828637183604,0.02710936399428087,,
fps,torchbvh_approx,16,3,10000,10000,2500.0,,ok,,10.7829999178648,,,1.0,0.05482289443561784,0.027176499892108612,,
fps,fpsample_h7,16,3,10000,10000,2500.0,,ok,,444.88200009800494,,,0.3125,0.054851763199360914,0.027069426773668942,,
fps,torch_fpsample_h7,16,3,10000,10000,2500.0,,ok,,62.094599939882755,,,1.0,0.054713828637183604,0.02710936399428087,,
interpolation,torchbvh_mls,16,3,10000,10000,,64,ok,,2.975599840283394,,,,,,0.004572850186377764,0.04062706232070923
interpolation,grid_sample,16,3,10000,10000,,64.0,ok,,7.715500192716718,,,,,,0.0010748064378276467,0.005276739597320557
knn,torchbvh,16,3,20000,20000,,,ok,,5.558700300753117,3.864545801424146e-09,1.0,,,,,
knn,scipy_cKDTree,16,3,20000,20000,,,ok,,652.8270000126213,0.0,1.0,,,,,
knn,torch_cluster,16,3,20000,20000,,,ok,,96.60069993697107,4.2320296642084365e-09,1.0,,,,,
knn,cupy_KDTree,16,3,20000,20000,,,ok,,266.55509998090565,1.3877787807814457e-17,1.0,,,,,
fps,torchbvh_exact,16,3,20000,20000,5000.0,,ok,,48.77549991942942,,,1.0,0.04308775283841665,0.021404507417372487,,
fps,torchbvh_approx,16,3,20000,20000,5000.0,,ok,,28.22440001182258,,,1.0,0.043200415879134535,0.021442890057922367,,
fps,fpsample_h7,16,3,20000,20000,5000.0,,ok,,1030.948800034821,,,0.25,0.04303895648535088,0.021391756369914867,,
fps,torch_fpsample_h7,16,3,20000,20000,5000.0,,ok,,127.27830000221729,,,1.0,0.04308775283841665,0.021404507417372487,,
interpolation,torchbvh_mls,16,3,20000,20000,,64,ok,,7.1275001391768456,,,,,,0.006794455461204052,0.04420915246009827
interpolation,grid_sample,16,3,20000,20000,,64.0,ok,,3.153800033032894,,,,,,0.0009676944464445114,0.0042250752449035645
knn,torchbvh,16,3,30000,30000,,,ok,,8.113699965178967,3.8076063205161326e-09,1.0,,,,,
knn,scipy_cKDTree,16,3,30000,30000,,,ok,,569.4287999067456,0.0,1.0,,,,,
knn,torch_cluster,16,3,30000,30000,,,ok,,195.11339999735355,4.003667744556516e-09,1.0,,,,,
knn,cupy_KDTree,16,3,30000,30000,,,ok,,357.7874000184238,6.938893903907228e-18,1.0,,,,,
fps,torchbvh_exact,16,3,30000,30000,7500.0,,ok,,89.27849982865155,,,1.0,0.03751062559795065,0.01867835568513398,,
fps,torchbvh_approx,16,3,30000,30000,7500.0,,ok,,55.65169989131391,,,1.0,0.03759623432674899,0.018674795259007164,,
fps,fpsample_h7,16,3,30000,30000,7500.0,,ok,,1924.4099000934511,,,0.25,0.03754456778145408,0.018666306890968803,,
fps,torch_fpsample_h7,16,3,30000,30000,7500.0,,ok,,234.81069994159043,,,1.0,0.03751062559795065,0.01867835568513398,,
interpolation,torchbvh_mls,16,3,30000,30000,,64,ok,,9.321899618953466,,,,,,0.004503402393311262,0.035101234912872314
interpolation,grid_sample,16,3,30000,30000,,64.0,ok,,5.363000091165304,,,,,,0.000615764525718987,0.002819955348968506
knn,torchbvh,16,3,40000,40000,,,ok,,15.46749984845519,3.527349565213278e-09,1.0,,,,,
knn,scipy_cKDTree,16,3,40000,40000,,,ok,,808.9567001443356,0.0,1.0,,,,,
knn,torch_cluster,16,3,40000,40000,,,ok,,339.87549995072186,3.527349565213278e-09,1.0,,,,,
knn,cupy_KDTree,16,3,40000,40000,,,ok,,508.7464000098407,6.938893903907228e-18,1.0,,,,,
fps,torchbvh_exact,16,3,40000,40000,10000.0,,ok,,142.99979992210865,,,1.0,0.03400578500993746,0.016933068323842004,,
fps,torchbvh_approx,16,3,40000,40000,10000.0,,ok,,91.27529989928007,,,1.0,0.03406106332941178,0.016947467270108957,,
fps,fpsample_h7,16,3,40000,40000,10000.0,,ok,,3175.6152999587357,,,0.125,0.03402910318957867,0.0169304605376015,,
fps,torch_fpsample_h7,16,3,40000,40000,10000.0,,ok,,302.42839991115034,,,1.0,0.03400578500993746,0.016933068323842004,,
interpolation,torchbvh_mls,16,3,40000,40000,,64,ok,,16.425800044089556,,,,,,0.005212764255702496,0.034701377153396606
interpolation,grid_sample,16,3,40000,40000,,64.0,ok,,7.460599998012185,,,,,,0.000582825334277004,0.002475559711456299
knn,torchbvh,16,3,50000,50000,,,ok,,20.623099990189075,3.3850954192504723e-09,1.0,,,,,
knn,scipy_cKDTree,16,3,50000,50000,,,ok,,1229.704399826005,0.0,1.0,,,,,
knn,torch_cluster,16,3,50000,50000,,,ok,,507.36739998683333,3.692545706701633e-09,1.0,,,,,
knn,cupy_KDTree,16,3,50000,50000,,,ok,,585.8072999399155,6.938893903907228e-18,1.0,,,,,
fps,torchbvh_exact,16,3,50000,50000,12500.0,,ok,,197.75879988446832,,,1.0,0.03155598485404308,0.015703686532508775,,
fps,torchbvh_approx,16,3,50000,50000,12500.0,,ok,,131.1456998810172,,,1.0,0.031608279792283665,0.015712041270959765,,
fps,fpsample_h7,16,3,50000,50000,12500.0,,ok,,4435.307400068268,,,0.3125,0.03157452165282692,0.015700644491185058,,
fps,torch_fpsample_h7,16,3,50000,50000,12500.0,,ok,,383.9096000883728,,,1.0,0.03155598485404308,0.015703686532508775,,
interpolation,torchbvh_mls,16,3,50000,50000,,64,ok,,23.76670017838478,,,,,,0.005135322920978069,0.0281447172164917
interpolation,grid_sample,16,3,50000,50000,,64.0,ok,,10.435699950903654,,,,,,0.0004071406146977097,0.001979529857635498
